Workbook

Sheet Metadata
A1: Master Sheet | B1: ANC Realistic Dummy
A2: Version | B2: 1.0
A3: Generated | B3: 2026-01-20

Sheet Hardware
A1: screen_id | B1: product_code | C1: product_class | D1: width_ft | E1: height_ft | F1: pixel_pitch | G1: base_rate_per_sqft | H1: sqft | I1: unit_qty | J1: hardware_cost | K1: hardware_formula | L1: notes
A2: 1 | B2: RIB-10-40x6 | C2: Ribbon | D2: 40 | E2: 6 | F2: 10 | G2: 120 | H2: 240 | I2: 1 | J2: 28800 | K2: =D2*E2*G2*I2 | L2: Indoor ribbon
A3: 2 | B3: SCB-6-30x16 | C3: Scoreboard | D3: 30 | E3: 16 | F3: 6 | G3: 240 | H3: 480 | I3: 1 | J3: 115200 | K3: =D3*E3*G3*I3 | L3: Outdoor scoreboard (weather-rated)

Sheet Structural
A1: screen_id | B1: structural_pct | C1: structural_cost_formula | D1: structural_cost | E1: notes
A2: 1 | B2: 0.2 | C2: =Hardware!J2*0.2 | D2: 5760 | E2: Includes steel and brackets
A3: 2 | B3: 0.2 | C3: =Hardware!J3*0.2 | D3: 23040 | E3: Includes steel and brackets

Sheet Labor
A1: screen_id | B1: labor_pct | C1: labor_cost_formula | D1: labor_cost | E1: crew_size | F1: labor_hours | G1: notes
A2: 1 | B2: 0.15 | C2: =(Hardware!J2 + Structural!D2)*0.15 | D2: 5184 | E2: 3 | F2: 24 | G2: Includes installation and setup
A3: 2 | B3: 0.15 | C3: =(Hardware!J3 + Structural!D3)*0.15 | D3: 20736 | E3: 4 | F3: 32 | G3: Includes installation and setup

Sheet Shipping
A1: screen_id | B1: shipping_pct | C1: shipping_cost_formula | D1: shipping_cost | E1: notes
A2: 1 | B2: 0.02 | C2: =Hardware!J2*0.02 | D2: 576 | E2: Freight and crating
A3: 2 | B3: 0.02 | C3: =Hardware!J3*0.02 | D3: 2304 | E3: Freight and crating

Sheet Misc
A1: screen_id | B1: misc_fixed | C1: misc_cost_formula | D1: misc_cost | E1: notes
A2: 1 | B2: 500 | C2: =500 | D2: 500 | E2: Permits, misc consumables
A3: 2 | B3: 500 | C3: =500 | D3: 500 | E3: Permits, misc consumables

Sheet Finance
A1: item | B1: value | C1: formula | D1: notes
A2: contingency_pct | B2: 0.05 | C2: =0.05 | D2: Project risk contingency
A3: bond_pct | B3: 0.02 | C3: =0.02 | D3: Performance bond
A4: margin_pct | B4: 0.2 | C4: =0.2 | D4: Target gross margin

Sheet Summary
A1: screen_id | B1: hardware | C1: structural | D1: labor | E1: shipping | F1: misc | G1: subtotal | H1: contingency | I1: bond | J1: margin | K1: total_formula | L1: total_value | M1: notes
A2: 1 | B2: 28800 | C2: 5760 | D2: 5184 | E2: 576 | F2: 500 | G2: 40820 | H2: =G2*Finance!B1 | I2: =G2*Finance!B2 | J2: =G2*Finance!B3 | K2: =(=Hardware!J2+Structural!D2+Labor!D2+Shipping!D2+Misc!C2)*(1+Finance!B1)*(1+Finance!B2)*(1+Finance!B3) | L2: 52461.864 | M2: Per-screen totals
A3: 2 | B3: 115200 | C3: 23040 | D3: 20736 | E3: 2304 | F3: 500 | G3: 161780 | H3: =G3*Finance!B1 | I3: =G3*Finance!B2 | J3: =G3*Finance!B3 | K3: =(=Hardware!J3+Structural!D3+Labor!D3+Shipping!D3+Misc!C3)*(1+Finance!B1)*(1+Finance!B2)*(1+Finance!B3) | L3: 207919.66 | M3: Per-screen totals
A5: GRAND_TOTAL | G5: =SUM(G2:G3) | H5: =G{len(rows)+2}*Finance!B1 | I5: =G{len(rows)+2}*Finance!B2 | J5: =G{len(rows)+2}*Finance!B3 | K5: =G4*(1+Finance!B1)*(1+Finance!B2)*(1+Finance!B3) | L5: =SUM(L2:L{1+len(rows)}) | M5: Project grand totals
